scene update,player update,enemy update,particles update,particles draw,scene draw,player draw,enemies draw,frame draw
4.5613e-005,0.000144236,2.54775e-005,0.000148756,0.00130922,0.000266692,5.95846e-005,4.10928e-007,2.93139
2.99977e-005,3.36961e-005,1.31497e-005,0.000112594,0.00275157,0.000214504,5.01332e-005,4.10928e-007,0.00717974
4.43802e-005,5.99955e-005,2.17792e-005,7.39671e-005,0.00342385,0.000316826,7.35561e-005,0,0.0102173
3.86272e-005,5.42425e-005,2.13683e-005,7.68435e-005,0.00366137,0.000352165,7.35561e-005,4.10928e-007,0.0100032
3.24633e-005,4.43802e-005,1.47934e-005,5.34206e-005,0.00324551,0.000253954,5.87627e-005,4.10928e-007,0.00919123
0.000108485,4.5613e-005,1.47934e-005,5.38316e-005,0.00313538,0.000246557,6.04064e-005,4.10928e-007,0.00862086
9.78009e-005,4.5613e-005,1.39716e-005,4.97223e-005,0.00303224,0.000237927,5.50644e-005,4.10928e-007,0.0082576
0.000110951,4.60239e-005,1.39716e-005,4.93114e-005,0.00292992,0.00023012,5.30097e-005,0,0.00795064
0.000113005,4.43802e-005,1.31497e-005,7.31452e-005,0.00286417,0.000223545,5.17769e-005,4.10928e-007,0.0084495
0.000106841,0.000134373,1.39716e-005,6.73922e-005,0.00275774,0.000216559,5.01332e-005,4.10928e-007,0.00774805
0.000106841,7.31452e-005,1.27388e-005,7.15015e-005,0.00275199,0.000205464,4.72567e-005,4.10928e-007,0.00768559
0.000103554,8.95823e-005,1.23278e-005,8.0131e-005,0.0025909,0.0001993,4.5613e-005,4.10928e-007,0.00734082
0.000104787,8.5473e-005,1.31497e-005,7.15015e-005,0.00263775,0.000205053,4.72567e-005,4.10928e-007,0.00734328
0.000104376,9.24588e-005,1.19169e-005,6.45157e-005,0.00257159,0.000200122,4.5613e-005,4.10928e-007,0.00711029
0.00010643,8.30075e-005,1.31497e-005,8.34184e-005,0.00258227,0.000200122,4.60239e-005,4.10928e-007,0.00705728
0.000105198,8.46512e-005,1.31497e-005,6.65703e-005,0.00260939,0.000205053,4.72567e-005,4.10928e-007,0.00726192
0.000103143,8.71168e-005,1.31497e-005,6.90359e-005,0.0025683,0.000201355,4.60239e-005,0,0.00726028
2.99977e-005,4.15037e-005,1.35606e-005,6.49266e-005,0.00277089,0.000219847,5.01332e-005,4.10928e-007,0.00717069
0.000104787,7.80763e-005,2.05464e-005,6.41048e-005,0.00276883,0.000200944,4.5613e-005,4.10928e-007,0.00701002
0.000103554,8.67058e-005,1.31497e-005,6.94468e-005,0.00272034,0.000201355,4.5613e-005,4.10928e-007,0.00697181
0.000106019,8.30075e-005,2.09573e-005,6.32829e-005,0.00291184,0.000213272,4.84895e-005,0,0.00730342
0.000105609,0.000105198,1.23278e-005,6.36938e-005,0.00280993,0.000206697,4.72567e-005,4.10928e-007,0.00711727
4.43802e-005,5.99955e-005,1.27388e-005,6.73922e-005,0.00261967,0.000205875,4.72567e-005,4.10928e-007,0.0071296
4.15037e-005,6.36938e-005,2.09573e-005,6.57485e-005,0.00263898,0.000207108,4.68458e-005,4.10928e-007,0.00711275
0.000105198,7.93091e-005,1.27388e-005,7.31452e-005,0.00256214,0.000200122,4.60239e-005,4.10928e-007,0.00716083
0.000104787,7.35561e-005,1.31497e-005,6.41048e-005,0.00257775,0.000200122,4.5613e-005,4.10928e-007,0.00705194
0.000105609,7.80763e-005,1.27388e-005,5.95846e-005,0.00259213,0.000201355,4.60239e-005,4.10928e-007,0.00707084
0.000104787,8.25965e-005,1.23278e-005,6.49266e-005,0.00257652,0.000200944,4.60239e-005,4.10928e-007,0.00709344
0.000106841,8.21856e-005,1.31497e-005,6.45157e-005,0.00251488,0.0001993,4.60239e-005,4.10928e-007,0.00698701
0.000106841,8.25965e-005,1.23278e-005,6.36938e-005,0.00255721,0.000218614,5.01332e-005,4.10928e-007,0.00721466
0.00010643,8.91714e-005,1.23278e-005,6.41048e-005,0.00255721,0.000199711,4.5613e-005,4.10928e-007,0.00693811
0.000106841,8.91714e-005,2.05464e-005,5.95846e-005,0.00251611,0.000201766,4.60239e-005,4.10928e-007,0.0069188
0.000104376,8.83495e-005,1.27388e-005,5.7119e-005,0.00253954,0.000200122,4.5613e-005,4.10928e-007,0.00699728
0.000109307,3.986e-005,1.31497e-005,6.73922e-005,0.0026624,0.000223545,5.17769e-005,0,0.00947025
4.47912e-005,5.87627e-005,2.09573e-005,0.000110951,0.00367041,0.000380519,8.34184e-005,4.10928e-007,0.011771
4.19147e-005,4.43802e-005,1.39716e-005,7.51998e-005,0.00286992,0.000249022,5.95846e-005,4.10928e-007,0.00903179
4.47912e-005,5.46534e-005,1.84918e-005,0.00010643,0.00369876,0.000355042,8.75277e-005,8.21856e-007,0.0137229
3.4518e-005,4.47912e-005,1.39716e-005,7.02687e-005,0.00308443,0.000263816,6.45157e-005,4.10928e-007,0.00890933
3.28742e-005,3.94491e-005,1.43825e-005,7.60217e-005,0.0030458,0.000254775,6.24611e-005,4.10928e-007,0.0083854
4.47912e-005,5.62971e-005,2.01355e-005,0.000101088,0.00380067,0.000348467,8.46512e-005,8.21856e-007,0.0111304
3.16415e-005,4.23256e-005,1.27388e-005,6.90359e-005,0.00280993,0.000222723,5.1366e-005,4.10928e-007,0.00778668
3.08196e-005,3.36961e-005,2.46557e-005,0.00011054,0.00271829,0.000225189,5.17769e-005,6.98578e-006,0.0081672
3.08196e-005,4.93114e-005,1.76699e-005,4.84895e-005,0.00283376,0.000220257,5.05441e-005,6.98578e-006,0.00820788
3.20524e-005,4.76677e-005,1.52043e-005,4.97223e-005,0.00291964,0.0002256,5.21879e-005,7.80763e-006,0.00829253
3.12305e-005,4.35584e-005,1.39716e-005,4.80786e-005,0.0027787,0.000220668,5.01332e-005,6.98578e-006,0.00822267
3.08196e-005,4.76677e-005,1.35606e-005,4.80786e-005,0.0027376,0.000235873,5.17769e-005,7.80763e-006,0.00818897
3.08196e-005,8.5473e-005,1.47934e-005,4.76677e-005,0.00279595,0.000221901,5.01332e-005,7.3967e-006,0.0080998
0.000106019,7.64326e-005,1.43825e-005,4.80786e-005,0.00280376,0.000219436,4.84895e-005,6.98578e-006,0.00812035
0.000108485,9.24588e-005,1.31497e-005,5.67081e-005,0.00270391,0.000218614,5.01332e-005,6.98578e-006,0.00802296
0.000104787,6.73922e-005,1.43825e-005,6.94468e-005,0.00281445,0.000224778,5.1366e-005,7.3967e-006,0.00789557
0.000102321,8.21856e-005,1.31497e-005,6.24611e-005,0.00258186,0.000200533,4.60239e-005,6.16392e-006,0.0077912
0.00010643,8.21856e-005,2.17792e-005,6.65703e-005,0.00288841,0.000213272,4.84895e-005,6.98578e-006,0.00792351
0.000103143,9.1637e-005,1.47934e-005,7.27343e-005,0.00297594,0.00022601,5.17769e-005,7.3967e-006,0.00784256
0.000105609,0.000105198,1.43825e-005,5.91736e-005,0.00288677,0.000219025,5.05441e-005,7.3967e-006,0.00776038
0.000108896,8.34184e-005,1.43825e-005,7.27343e-005,0.00294266,0.000218614,5.01332e-005,7.3967e-006,0.00778092
4.23256e-005,0.000139716,1.52043e-005,6.98578e-005,0.00280828,0.000224778,5.17769e-005,7.3967e-006,0.00780722
2.95868e-005,3.65726e-005,1.76699e-005,7.68435e-005,0.0028091,0.000220257,5.01332e-005,7.3967e-006,0.00841416
0.00010643,9.49244e-005,1.47934e-005,6.2872e-005,0.00287198,0.000223134,5.1366e-005,7.80763e-006,0.00782489
0.000105609,7.64326e-005,1.47934e-005,6.65703e-005,0.00279061,0.000221901,5.1366e-005,6.98578e-006,0.0074982
0.000103965,8.13638e-005,1.39716e-005,5.99955e-005,0.0026772,0.000202588,4.72567e-005,6.57485e-006,0.00773819
0.000106841,6.8625e-005,1.52043e-005,6.41048e-005,0.00289293,0.000230942,5.42425e-005,7.80763e-006,0.00914767
3.16415e-005,3.49289e-005,1.47934e-005,7.06796e-005,0.0028202,0.000231352,5.67081e-005,7.3967e-006,0.00743533
0.000106841,6.53376e-005,1.47934e-005,6.20501e-005,0.00270226,0.000211628,5.75299e-005,6.98578e-006,0.00719905
0.000105609,8.17747e-005,1.35606e-005,7.31452e-005,0.00263816,0.000194369,4.5613e-005,6.98578e-006,0.00700304
0.000105198,8.79386e-005,1.43825e-005,7.06796e-005,0.0024857,0.000212039,4.60239e-005,6.57485e-006,0.00677415
0.000106841,8.79386e-005,1.31497e-005,6.45157e-005,0.00250543,0.000200533,4.5613e-005,6.57485e-006,0.00720645
0.000103143,8.79386e-005,1.31497e-005,5.87627e-005,0.00253789,0.000202998,4.60239e-005,6.57485e-006,0.00690441
0.000106841,0.000133963,1.39716e-005,6.2872e-005,0.00267185,0.000208751,5.01332e-005,7.3967e-006,0.00708358
0.000106019,9.61572e-005,1.31497e-005,6.65703e-005,0.00257405,0.000191082,4.60239e-005,6.57485e-006,0.00689373
0.000107252,9.04042e-005,1.31497e-005,6.69813e-005,0.00252228,0.000200122,4.5613e-005,6.57485e-006,0.00715302
0.00010643,9.41025e-005,1.47934e-005,6.94468e-005,0.00287896,0.000222723,5.30097e-005,7.80763e-006,0.00757464
3.12305e-005,3.65726e-005,1.47934e-005,7.15015e-005,0.00280623,0.000227654,5.62971e-005,7.80763e-006,0.00869647
0.000107663,6.94468e-005,1.43825e-005,6.57485e-005,0.00279143,0.000215326,5.1366e-005,7.3967e-006,0.00778709
3.16415e-005,4.35584e-005,1.80808e-005,6.53376e-005,0.00289704,0.000222723,5.25988e-005,7.80763e-006,0.00736506
0.000106019,7.72545e-005,1.39716e-005,6.73922e-005,0.00273719,0.000197245,4.68458e-005,6.57485e-006,0.00714933
7.60217e-005,6.04064e-005,2.21901e-005,6.41048e-005,0.00262131,0.000196013,4.68458e-005,6.57485e-006,0.00704577
0.000106841,8.0131e-005,1.43825e-005,7.39671e-005,0.00270432,0.000207519,4.97223e-005,6.98578e-006,0.00725904
5.17769e-005,4.68458e-005,1.47934e-005,7.23233e-005,0.00288307,0.000198067,4.72567e-005,6.98578e-006,0.00710618
0.000103143,8.50621e-005,1.39716e-005,6.82141e-005,0.00289252,0.000209984,5.01332e-005,7.3967e-006,0.00724754
3.04087e-005,3.57507e-005,1.47934e-005,7.06796e-005,0.00304703,0.000219436,5.17769e-005,7.80763e-006,0.00779941
4.5613e-005,7.27343e-005,1.47934e-005,7.06796e-005,0.00284527,0.000220668,5.17769e-005,7.80763e-006,0.00757176
4.47912e-005,8.25965e-005,1.43825e-005,7.06796e-005,0.00284239,0.000218614,5.17769e-005,7.3967e-006,0.00762148
3.73945e-005,5.21879e-005,1.60262e-005,7.47889e-005,0.00276719,0.000210806,5.01332e-005,7.3967e-006,0.00767778
0.000105198,6.61594e-005,1.52043e-005,7.15015e-005,0.00290033,0.000212861,5.01332e-005,7.80763e-006,0.00705522
0.000107663,7.31452e-005,1.52043e-005,6.08174e-005,0.00290362,0.000212039,4.72567e-005,6.98578e-006,0.0072385
4.39693e-005,5.1366e-005,1.56153e-005,6.98578e-005,0.00280294,0.000220668,5.21879e-005,8.21856e-006,0.00776818
4.39693e-005,0.000121224,1.64371e-005,6.73922e-005,0.00302895,0.000252721,6.82141e-005,8.62949e-006,0.00840389
0.00010643,7.76654e-005,1.39716e-005,7.60217e-005,0.002715,0.000216559,5.01332e-005,6.98578e-006,0.00738273
3.08196e-005,0.000119991,1.47934e-005,7.23233e-005,0.00271336,0.000217381,5.01332e-005,7.3967e-006,0.00741561
3.20524e-005,0.00012862,1.76699e-005,7.27343e-005,0.00280828,0.000224778,5.17769e-005,7.80763e-006,0.0078175
9.1226e-005,4.72567e-005,1.84918e-005,8.5884e-005,0.00363055,0.000290115,6.65703e-005,9.86227e-006,0.0109463
2.95868e-005,3.90382e-005,1.43825e-005,6.82141e-005,0.00273801,0.000226421,5.38316e-005,7.80763e-006,0.00899727
3.04087e-005,5.67081e-005,1.47934e-005,7.23233e-005,0.00292786,0.000232585,5.34206e-005,7.3967e-006,0.00826705
0.000106019,8.38293e-005,1.43825e-005,6.69813e-005,0.00273514,0.000208341,4.72567e-005,6.57485e-006,0.00778421
0.000108074,6.12283e-005,1.43825e-005,6.78031e-005,0.00272815,0.000217792,5.01332e-005,7.3967e-006,0.00782941
3.04087e-005,3.57507e-005,1.43825e-005,6.16392e-005,0.00274048,0.000221079,5.05441e-005,7.3967e-006,0.00785653
0.000108485,9.28697e-005,1.39716e-005,7.10906e-005,0.00283869,0.000226832,5.62971e-005,6.98578e-006,0.00812323
3.08196e-005,3.986e-005,1.35606e-005,6.90359e-005,0.00281773,0.000226832,5.62971e-005,7.80763e-006,0.00806446
3.04087e-005,3.986e-005,1.39716e-005,6.45157e-005,0.00277746,0.000218614,5.42425e-005,7.3967e-006,0.00817048
0.00011054,6.73922e-005,1.39716e-005,7.06796e-005,0.00282225,0.0002256,5.58862e-005,7.3967e-006,0.00790667
3.04087e-005,4.31474e-005,1.43825e-005,6.94468e-005,0.00292293,0.00022601,5.62971e-005,7.3967e-006,0.00794694
3.08196e-005,3.90382e-005,1.43825e-005,6.78031e-005,0.00273514,0.000219436,5.09551e-005,6.57485e-006,0.00810556
0.000108074,7.51998e-005,1.43825e-005,7.02687e-005,0.00291471,0.000221079,5.50644e-005,6.98578e-006,0.00769298
3.04087e-005,3.86272e-005,1.60262e-005,6.41048e-005,0.00285348,0.000236695,5.17769e-005,6.98578e-006,0.00773449
2.99977e-005,3.986e-005,1.39716e-005,6.98578e-005,0.00279143,0.000232585,5.46534e-005,6.98578e-006,0.00825144
2.8765e-005,3.82163e-005,1.35606e-005,6.53376e-005,0.00280335,0.000219025,5.1366e-005,6.57485e-006,0.00771189
0.000104787,0.000269569,1.43825e-005,7.4378e-005,0.00288471,0.000232585,6.04064e-005,6.98578e-006,0.00778626
4.10928e-005,6.49266e-005,1.43825e-005,6.36938e-005,0.00271582,0.000231763,6.73922e-005,7.3967e-006,0.00782695
4.43802e-005,5.05441e-005,1.47934e-005,7.31452e-005,0.00279678,0.000238338,5.67081e-005,7.3967e-006,0.00790009
4.27365e-005,5.67081e-005,1.43825e-005,7.27343e-005,0.00270719,0.000232996,5.46534e-005,7.3967e-006,0.00765312
0.000109307,8.83495e-005,1.43825e-005,6.16392e-005,0.00265049,0.000227654,5.87627e-005,7.3967e-006,0.0077386
0.00010643,7.10906e-005,1.35606e-005,6.24611e-005,0.00270596,0.000231763,5.87627e-005,7.3967e-006,0.00774928
3.08196e-005,4.64349e-005,1.43825e-005,6.36938e-005,0.00289088,0.000248611,6.24611e-005,7.80763e-006,0.00847375
0.000105609,9.65681e-005,1.35606e-005,7.27343e-005,0.00269117,0.000224778,5.7119e-005,6.98578e-006,0.00785653
0.000104787,7.47889e-005,1.39716e-005,7.39671e-005,0.00281362,0.000237516,6.08174e-005,7.3967e-006,0.00796666
6.04064e-005,4.06819e-005,1.35606e-005,7.23233e-005,0.00265665,0.000223956,5.7119e-005,7.3967e-006,0.00772093
3.12305e-005,4.19147e-005,1.43825e-005,7.15015e-005,0.0028013,0.000237105,6.04064e-005,8.21856e-006,0.00839444
0.000103965,5.58862e-005,2.09573e-005,6.49266e-005,0.00257323,0.000218203,5.62971e-005,6.57485e-006,0.00762518
0.000105198,8.13638e-005,1.64371e-005,6.90359e-005,0.00276678,0.000242858,6.08174e-005,7.3967e-006,0.0080961
9.98555e-005,4.10928e-005,1.39716e-005,6.36938e-005,0.00264638,0.000219025,5.58862e-005,6.98578e-006,0.00789105
0.000108074,8.21856e-005,1.35606e-005,7.47889e-005,0.00262254,0.000218614,5.62971e-005,6.98578e-006,0.00785777
0.000144647,5.17769e-005,1.93136e-005,0.000106019,0.00268048,0.000233407,5.91736e-005,6.98578e-006,0.00785612
0.000105609,8.38293e-005,1.35606e-005,6.08174e-005,0.00261679,0.000219025,5.54753e-005,6.57485e-006,0.00792434
0.000106841,8.38293e-005,1.35606e-005,6.73922e-005,0.00267021,0.000231763,5.95846e-005,7.3967e-006,0.00793543
0.000103965,8.09528e-005,1.35606e-005,6.61594e-005,0.00279308,0.000238749,6.49266e-005,7.3967e-006,0.00830568
0.000103965,8.62949e-005,1.43825e-005,6.90359e-005,0.00258638,0.000219847,5.95846e-005,6.57485e-006,0.00804392
0.000108074,8.50621e-005,1.35606e-005,6.36938e-005,0.00258885,0.000216559,5.91736e-005,6.57485e-006,0.00783188
0.000108896,7.84873e-005,1.35606e-005,6.8625e-005,0.00283417,0.000219847,5.95846e-005,6.98578e-006,0.00778133
3.12305e-005,5.7119e-005,1.35606e-005,6.49266e-005,0.00275938,0.000219025,5.87627e-005,6.98578e-006,0.00818445
0.000104376,0.000120402,1.39716e-005,0.000269569,0.00302443,0.000246968,7.39671e-005,4.10928e-007,0.00774764
4.31474e-005,6.94468e-005,1.35606e-005,0.00012821,0.00289129,0.00024368,6.65703e-005,4.10928e-007,0.00765107
0.000104787,8.46512e-005,1.31497e-005,0.000122046,0.00285636,0.000245324,6.57485e-005,4.10928e-007,0.00783311
0.000105198,9.20479e-005,1.23278e-005,0.000117525,0.00282061,0.000218614,5.54753e-005,4.10928e-007,0.0078064
0.000106019,9.1226e-005,1.27388e-005,0.000117936,0.0028465,0.000222723,5.50644e-005,4.10928e-007,0.00794735
0.000107663,8.83495e-005,1.35606e-005,0.000113827,0.00292663,0.0002256,5.67081e-005,4.10928e-007,0.0079868
0.000106019,8.42403e-005,1.35606e-005,0.000126977,0.00286006,0.000219436,5.58862e-005,8.21856e-007,0.00802625
0.000124511,7.56108e-005,1.35606e-005,0.000120813,0.00282801,0.000252721,6.16392e-005,8.21856e-007,0.00797365
0.000107663,8.46512e-005,1.27388e-005,0.000108896,0.00281979,0.000248611,6.20501e-005,8.21856e-007,0.00771353
0.00010643,9.98555e-005,1.23278e-005,0.000122457,0.00292745,0.000222312,6.53376e-005,4.10928e-007,0.00807926
0.00010643,9.36916e-005,1.27388e-005,0.000122457,0.00277787,0.000223956,5.99955e-005,4.10928e-007,0.00789516
0.000105198,8.87605e-005,1.31497e-005,0.000121224,0.002775,0.000242858,6.65703e-005,8.21856e-007,0.00791201
0.000106019,7.972e-005,1.35606e-005,0.000122867,0.00296197,0.000242858,6.49266e-005,0,0.00787708
0.000106019,8.87605e-005,2.05464e-005,0.000117936,0.00283006,0.000228887,7.51998e-005,4.10928e-007,0.00784215
0.000105198,8.50621e-005,1.31497e-005,0.000116293,0.00289663,0.000244502,7.4378e-005,4.10928e-007,0.00791488
0.000108896,7.84873e-005,1.35606e-005,0.000117114,0.00286458,0.000253543,7.02687e-005,4.10928e-007,0.00809652
0.000103143,9.28697e-005,1.27388e-005,0.000110129,0.00279143,0.000229298,7.56108e-005,4.10928e-007,0.00801022
0.000108896,7.56108e-005,1.31497e-005,0.000103965,0.00272075,0.000250666,6.32829e-005,8.21856e-007,0.00798926
0.00011054,6.94468e-005,1.39716e-005,0.000108896,0.00283006,0.000224778,6.08174e-005,8.21856e-007,0.00769874
0.000107252,9.36916e-005,1.64371e-005,0.00010643,0.00270308,0.000228065,6.98578e-005,4.10928e-007,0.00802296
0.000105609,8.99932e-005,1.27388e-005,9.65681e-005,0.00298868,0.000253954,6.90359e-005,1.23278e-006,0.00761614
0.000108896,8.0131e-005,1.31497e-005,0.000104376,0.00290033,0.000260939,7.15015e-005,4.10928e-007,0.00759601
0.000107252,9.04042e-005,1.31497e-005,9.45135e-005,0.00292211,0.000246557,7.93091e-005,4.10928e-007,0.00761532
4.47912e-005,6.20501e-005,2.13683e-005,9.98555e-005,0.00278363,0.000240393,6.98578e-005,4.10928e-007,0.00838622
3.28742e-005,4.89004e-005,1.39716e-005,0.000109307,0.00293649,0.000268336,7.76654e-005,4.10928e-007,0.009303
2.99977e-005,4.39693e-005,1.31497e-005,9.49244e-005,0.00281486,0.000241626,7.06796e-005,4.10928e-007,0.00772298
0.000108485,7.88982e-005,1.39716e-005,9.78009e-005,0.00284362,0.000235462,6.61594e-005,4.10928e-007,0.00779531
3.04087e-005,4.35584e-005,1.35606e-005,9.28697e-005,0.00274993,0.000226421,6.32829e-005,4.10928e-007,0.00726767
3.36961e-005,4.39693e-005,1.31497e-005,8.87605e-005,0.00270637,0.000223545,6.32829e-005,4.10928e-007,0.00728658
3.16415e-005,5.58862e-005,1.76699e-005,9.739e-005,0.00281075,0.000226421,6.53376e-005,4.10928e-007,0.00798022
3.82163e-005,5.05441e-005,1.35606e-005,6.61594e-005,0.00267925,0.000216148,6.12283e-005,4.10928e-007,0.00744026
0.000105609,0.000147523,4.23256e-005,0.000246557,0.0104733,0.000890481,0.000267514,8.21856e-007,0.0253
7.68435e-005,0.000103554,3.49289e-005,0.000287239,0.00806118,0.000651321,0.000183274,8.21856e-007,0.0205937
6.16392e-005,8.30075e-005,2.75322e-005,0.00018163,0.00655759,0.000567081,0.000156975,8.21856e-007,0.0177772
8.25965e-005,7.72545e-005,2.62994e-005,0.000174234,0.00578094,0.000461061,0.000131086,1.23278e-006,0.0157562
5.21879e-005,0.000325866,2.38338e-005,0.000144647,0.00545836,0.000412572,0.000120813,4.10928e-007,0.0141852
4.72567e-005,8.67058e-005,2.09573e-005,0.000126566,0.00485676,0.000469691,0.000346001,8.21856e-007,0.0129977
4.52021e-005,6.24611e-005,2.05464e-005,0.000133141,0.00457527,0.000355453,0.000102321,4.10928e-007,0.0124873
4.31474e-005,9.61572e-005,1.89027e-005,0.000120813,0.00422393,0.000322989,9.32807e-005,4.10928e-007,0.0118056
3.94491e-005,5.7119e-005,1.68481e-005,0.000103965,0.00396217,0.000311894,8.91714e-005,4.10928e-007,0.0111255
3.94491e-005,5.34206e-005,1.7259e-005,9.41025e-005,0.00403367,0.000364904,0.000113416,1.23278e-006,0.0104326
3.73945e-005,5.17769e-005,1.68481e-005,0.000104376,0.00371027,0.0003497,9.45135e-005,4.10928e-007,0.0098031
3.69835e-005,4.72567e-005,1.60262e-005,9.65681e-005,0.00357631,0.000338605,9.1637e-005,4.10928e-007,0.00931862
3.4518e-005,4.97223e-005,1.56153e-005,9.41025e-005,0.00341933,0.000333263,9.82118e-005,1.23278e-006,0.00902316
3.4107e-005,4.89004e-005,1.52043e-005,8.62949e-005,0.00323483,0.000339838,8.42403e-005,4.10928e-007,0.00880167
0.000106019,6.41048e-005,1.47934e-005,9.739e-005,0.00320524,0.000332852,8.38293e-005,8.21856e-007,0.00851155
0.000107663,6.8625e-005,1.43825e-005,7.60217e-005,0.00314607,0.000327099,8.38293e-005,8.21856e-007,0.00837882
0.000107663,7.84873e-005,1.35606e-005,7.56108e-005,0.0029932,0.00030984,7.72545e-005,4.10928e-007,0.00799419
0.00010643,7.80763e-005,1.35606e-005,8.0131e-005,0.00294594,0.000295457,7.39671e-005,4.10928e-007,0.00792146
0.000102321,8.0131e-005,1.35606e-005,7.93091e-005,0.00277541,0.000352576,7.51998e-005,4.10928e-007,0.00791037
0.000104376,8.87605e-005,2.09573e-005,7.88982e-005,0.00274541,0.000306141,7.93091e-005,8.21856e-007,0.00842115
0.000103554,9.1637e-005,1.35606e-005,8.17747e-005,0.00279719,0.000339838,0.000105609,8.21856e-007,0.00784708
0.000104376,9.24588e-005,1.31497e-005,7.39671e-005,0.00264391,0.000254364,6.8625e-005,1.23278e-006,0.00811049
0.000104376,8.79386e-005,2.09573e-005,7.76654e-005,0.00266281,0.000229298,5.87627e-005,4.10928e-007,0.00824363
0.000107252,8.0131e-005,1.31497e-005,7.972e-005,0.00276842,0.000233407,6.49266e-005,1.23278e-006,0.00801186
0.00010643,0.000122457,1.27388e-005,7.35561e-005,0.00268336,0.000229298,5.87627e-005,0,0.00811049
0.000103143,8.83495e-005,1.35606e-005,6.82141e-005,0.00271007,0.000222312,5.75299e-005,4.10928e-007,0.008062
0.000109307,8.46512e-005,2.01355e-005,6.78031e-005,0.00266569,0.000222312,5.75299e-005,4.10928e-007,0.00808747
0.000103143,0.000115882,1.23278e-005,7.64326e-005,0.00261679,0.000260528,8.42403e-005,4.10928e-007,0.00871866
3.16415e-005,4.5613e-005,1.39716e-005,8.99932e-005,0.00291882,0.000273678,6.32829e-005,4.10928e-007,0.00820336
0.000103554,0.000102732,1.23278e-005,7.4378e-005,0.00277582,0.000253132,5.87627e-005,4.10928e-007,0.00816185
0.000111361,6.49266e-005,1.39716e-005,7.88982e-005,0.0027524,0.00024779,6.12283e-005,4.10928e-007,0.0079831
0.000104376,8.83495e-005,2.13683e-005,7.47889e-005,0.00259665,0.000246146,6.16392e-005,4.10928e-007,0.00798022
0.000103554,8.5473e-005,1.31497e-005,7.51998e-005,0.00254118,0.000268747,7.02687e-005,0,0.00816226
0.000107252,7.35561e-005,1.35606e-005,7.19124e-005,0.0027676,0.000261761,6.45157e-005,4.10928e-007,0.00816966
0.000106019,8.71168e-005,1.23278e-005,6.78031e-005,0.0025083,0.000243269,5.7119e-005,0,0.00804309
0.00010191,9.94446e-005,1.31497e-005,7.06796e-005,0.00268665,0.000240804,5.91736e-005,0,0.00811912
0.000106019,7.31452e-005,1.43825e-005,5.91736e-005,0.00276842,0.000260528,6.49266e-005,4.10928e-007,0.00821815
0.000105198,7.56108e-005,1.31497e-005,8.79386e-005,0.00256378,0.000232996,5.79409e-005,4.10928e-007,0.0080657
0.000103965,8.0131e-005,2.05464e-005,7.93091e-005,0.00268254,0.000246146,6.04064e-005,0,0.00805789
0.000106019,7.56108e-005,1.35606e-005,7.27343e-005,0.00273226,0.000246968,6.04064e-005,4.10928e-007,0.00812158
0.000108074,6.65703e-005,1.35606e-005,8.67058e-005,0.00282349,0.000272856,6.49266e-005,4.10928e-007,0.0082387
0.000108896,8.05419e-005,1.35606e-005,7.06796e-005,0.00282061,0.000247379,6.49266e-005,4.10928e-007,0.008205
0.000106841,9.1226e-005,1.19169e-005,7.31452e-005,0.00274664,0.000222723,5.7119e-005,4.10928e-007,0.00772504
0.000103554,9.1637e-005,1.35606e-005,8.42403e-005,0.00299525,0.000261761,6.36938e-005,4.10928e-007,0.00842608
0.000104376,9.53353e-005,1.35606e-005,6.78031e-005,0.00301046,0.000261761,6.04064e-005,0,0.00790872
0.000108485,9.04042e-005,1.31497e-005,7.15015e-005,0.00275856,0.000234229,5.34206e-005,0,0.00771517
4.27365e-005,5.75299e-005,1.43825e-005,7.35561e-005,0.0028539,0.000272034,5.99955e-005,4.10928e-007,0.00799091
0.000104787,8.50621e-005,1.27388e-005,8.09528e-005,0.00266076,0.000251077,5.46534e-005,4.10928e-007,0.0079305
0.000103965,8.0131e-005,2.05464e-005,7.72545e-005,0.00272117,0.000258885,5.62971e-005,0,0.00794324
0.000107252,8.0131e-005,2.01355e-005,7.35561e-005,0.00286376,0.000277376,6.08174e-005,4.10928e-007,0.00966749
3.28742e-005,4.72567e-005,1.35606e-005,7.39671e-005,0.00298046,0.00030532,6.45157e-005,4.10928e-007,0.00931245
2.99977e-005,4.31474e-005,1.35606e-005,7.972e-005,0.00287444,0.000288471,5.99955e-005,4.10928e-007,0.00825513
0.000110129,9.28697e-005,1.39716e-005,8.79386e-005,0.0029669,0.000281897,6.16392e-005,4.10928e-007,0.00805296
0.000104787,0.000117525,1.35606e-005,7.06796e-005,0.00277418,0.000250255,5.50644e-005,4.10928e-007,0.00809446
0.000105198,7.06796e-005,1.31497e-005,8.25965e-005,0.00284938,0.000272856,6.04064e-005,4.10928e-007,0.00807638
0.00010643,8.46512e-005,1.31497e-005,7.31452e-005,0.00257611,0.000244091,5.30097e-005,0,0.0081109
0.000107663,9.04042e-005,1.35606e-005,7.76654e-005,0.0026998,0.000269158,5.58862e-005,4.10928e-007,0.00817295
0.000123278,4.72567e-005,1.39716e-005,8.0131e-005,0.00282924,0.000284773,5.95846e-005,4.10928e-007,0.00816925
0.000104376,0.000107252,1.23278e-005,7.19124e-005,0.00254693,0.000253954,5.30097e-005,4.10928e-007,0.00828883
0.00010643,8.30075e-005,1.35606e-005,8.05419e-005,0.00286006,0.000286006,5.99955e-005,4.10928e-007,0.00832581
0.000107252,7.72545e-005,1.31497e-005,9.1637e-005,0.00261679,0.000272856,5.50644e-005,0,0.00845032
0.000106019,7.88982e-005,1.31497e-005,7.51998e-005,0.00274623,0.000293403,5.62971e-005,4.10928e-007,0.00833526
0.000107252,0.000108896,1.27388e-005,7.31452e-005,0.00260364,0.000277376,5.34206e-005,4.10928e-007,0.00846635
0.000104376,9.1637e-005,1.35606e-005,7.35561e-005,0.00305155,0.000283129,5.7119e-005,4.10928e-007,0.00830321
0.00010643,7.56108e-005,1.39716e-005,7.72545e-005,0.0030195,0.000282719,5.67081e-005,4.10928e-007,0.00836567
0.00010643,6.45157e-005,1.35606e-005,7.88982e-005,0.00303183,0.000282719,5.67081e-005,4.10928e-007,0.00814665
4.23256e-005,6.2872e-005,2.13683e-005,7.27343e-005,0.00267268,0.000273267,5.50644e-005,4.10928e-007,0.00823541
0.000108074,7.31452e-005,1.39716e-005,7.84873e-005,0.00284116,0.000269158,5.7119e-005,4.10928e-007,0.0083028
5.21879e-005,4.60239e-005,1.35606e-005,8.42403e-005,0.00282225,0.00026998,5.67081e-005,4.10928e-007,0.00801515
0.000106019,8.75277e-005,1.31497e-005,8.38293e-005,0.00264021,0.000251488,5.42425e-005,4.10928e-007,0.00808871
0.000102321,9.61572e-005,2.01355e-005,6.73922e-005,0.0025872,0.000232996,5.01332e-005,0,0.00788324
0.000108074,9.1637e-005,1.23278e-005,7.19124e-005,0.00263076,0.000251488,5.17769e-005,0,0.00781215
0.000105609,9.1637e-005,1.31497e-005,8.05419e-005,0.00261515,0.000244502,5.01332e-005,4.10928e-007,0.00788489
0.000106019,9.1226e-005,1.23278e-005,7.68435e-005,0.00255638,0.000256008,4.97223e-005,0,0.0080131
0.000104787,8.87605e-005,1.39716e-005,8.09528e-005,0.00254282,0.000264638,5.21879e-005,4.10928e-007,0.00810679
0.000104787,0.000106841,1.31497e-005,6.82141e-005,0.00260035,0.000275733,5.1366e-005,0,0.00813103
0.00010643,8.42403e-005,1.31497e-005,7.51998e-005,0.00258392,0.000278198,5.01332e-005,4.10928e-007,0.00818404
0.000109307,8.71168e-005,1.27388e-005,7.27343e-005,0.00260775,0.00028765,5.01332e-005,4.10928e-007,0.00828431
0.000107663,7.68435e-005,2.09573e-005,7.47889e-005,0.00265542,0.000292581,5.30097e-005,4.10928e-007,0.0081824
0.000104787,8.34184e-005,1.31497e-005,8.13638e-005,0.00257693,0.000284773,5.09551e-005,4.10928e-007,0.00825308
0.000104787,9.04042e-005,1.31497e-005,8.13638e-005,0.00258802,0.00028354,5.09551e-005,0,0.00823829
0.000134373,5.42425e-005,1.23278e-005,8.46512e-005,0.00266528,0.000293403,5.25988e-005,0,0.00819267
0.000105609,7.93091e-005,1.27388e-005,6.90359e-005,0.00264391,0.000292581,5.17769e-005,4.10928e-007,0.00844663
0.000104787,0.00011054,1.27388e-005,7.47889e-005,0.00266035,0.000281075,4.84895e-005,4.10928e-007,0.00823829
3.04087e-005,3.82163e-005,1.31497e-005,7.15015e-005,0.00283335,0.000321346,5.62971e-005,4.10928e-007,0.0133169
4.72567e-005,6.04064e-005,2.21901e-005,0.000119991,0.00412654,0.000638993,0.000101088,8.21856e-007,0.0117016
3.24633e-005,4.47912e-005,1.43825e-005,8.50621e-005,0.00300101,0.000436817,8.87605e-005,4.10928e-007,0.00950148
3.82163e-005,5.7119e-005,1.80808e-005,0.000109718,0.00329688,0.000456541,6.69813e-005,4.10928e-007,0.0126549
3.4107e-005,5.1366e-005,1.52043e-005,9.04042e-005,0.00327017,0.000417092,6.69813e-005,4.10928e-007,0.00990912
3.20524e-005,4.43802e-005,1.39716e-005,7.972e-005,0.00294553,0.000408462,5.83518e-005,8.21856e-007,0.00929807
3.90382e-005,6.2872e-005,1.52043e-005,9.04042e-005,0.00282513,0.000380108,5.17769e-005,8.21856e-007,0.00897631
0.000113416,0.000144647,4.76677e-005,0.000264638,0.0106204,0.00127388,0.000186972,8.21856e-007,0.0281256
7.76654e-005,0.000113827,3.53398e-005,0.000230942,0.00811912,0.000994446,0.000136839,4.10928e-007,0.0222682
6.04064e-005,8.13638e-005,2.75322e-005,0.000187794,0.00640267,0.000843635,0.000117114,8.21856e-007,0.0191846
5.34206e-005,7.06796e-005,2.46557e-005,0.00016396,0.00569752,0.000740492,0.000121224,8.21856e-007,0.01707
5.09551e-005,6.57485e-005,2.2601e-005,0.000125333,0.00528453,0.000613516,9.1226e-005,4.10928e-007,0.0152237
4.80786e-005,5.99955e-005,2.01355e-005,0.000130264,0.00475731,0.00060201,8.62949e-005,8.21856e-007,0.013914
4.5613e-005,5.21879e-005,1.97245e-005,0.00012862,0.00453171,0.000527632,7.80763e-005,4.10928e-007,0.0128415
4.10928e-005,5.50644e-005,1.76699e-005,0.000105609,0.00409079,0.000527221,7.47889e-005,4.10928e-007,0.012493
5.62971e-005,5.38316e-005,1.76699e-005,0.00011958,0.00396669,0.000517769,7.10906e-005,4.10928e-007,0.0118512
3.73945e-005,0.000106841,1.7259e-005,0.000102321,0.00398066,0.000535028,8.95823e-005,8.21856e-007,0.0111283
4.15037e-005,4.89004e-005,1.60262e-005,8.5884e-005,0.00382245,0.000512016,7.64326e-005,4.10928e-007,0.011072
3.49289e-005,4.72567e-005,1.47934e-005,9.24588e-005,0.00341111,0.000440926,6.12283e-005,4.10928e-007,0.0102042
4.89004e-005,6.69813e-005,1.64371e-005,8.83495e-005,0.00330633,0.00043394,5.91736e-005,4.10928e-007,0.0099609
3.61617e-005,5.09551e-005,1.52043e-005,9.41025e-005,0.00321387,0.000450788,5.87627e-005,4.10928e-007,0.0118109
3.28742e-005,4.68458e-005,1.43825e-005,7.80763e-005,0.0030836,0.000410106,5.79409e-005,4.10928e-007,0.00981995
3.24633e-005,4.39693e-005,1.39716e-005,8.21856e-005,0.00304457,0.000384218,5.50644e-005,8.21856e-007,0.00920808
3.4518e-005,4.64349e-005,1.39716e-005,0.000105198,0.00285143,0.00038504,5.1366e-005,4.10928e-007,0.00860566
0.000107252,7.56108e-005,1.43825e-005,7.80763e-005,0.00284157,0.000398189,5.1366e-005,4.10928e-007,0.00879468
0.00011054,7.76654e-005,1.27388e-005,7.76654e-005,0.00283499,0.000385451,5.17769e-005,4.10928e-007,0.0087577
0.000109718,7.10906e-005,1.35606e-005,7.84873e-005,0.00282924,0.000373123,5.1366e-005,4.10928e-007,0.00860935
0.000108896,7.72545e-005,1.35606e-005,8.34184e-005,0.00285143,0.000397778,5.1366e-005,8.21856e-007,0.0089081
0.000105609,8.09528e-005,1.27388e-005,8.42403e-005,0.00276596,0.000356275,4.60239e-005,4.10928e-007,0.00801967
0.000107252,8.30075e-005,1.27388e-005,8.05419e-005,0.00287403,0.00034518,4.64349e-005,4.10928e-007,0.00827815
0.000106841,8.13638e-005,1.31497e-005,7.31452e-005,0.00286047,0.00035422,4.72567e-005,4.10928e-007,0.0080283
0.00010643,8.21856e-005,1.35606e-005,7.80763e-005,0.00289129,0.000377232,4.89004e-005,4.10928e-007,0.00842279
0.000106841,7.64326e-005,1.31497e-005,7.84873e-005,0.00292622,0.000376821,4.89004e-005,0,0.00823089
0.000106841,7.39671e-005,1.35606e-005,8.17747e-005,0.00299032,0.000385861,5.67081e-005,4.10928e-007,0.00849101
4.31474e-005,6.16392e-005,1.35606e-005,8.38293e-005,0.00269363,0.000375588,4.84895e-005,0,0.00872359
0.000107663,7.19124e-005,1.43825e-005,7.64326e-005,0.00279883,0.000410106,5.1366e-005,8.21856e-007,0.00874414
3.16415e-005,4.31474e-005,1.31497e-005,7.88982e-005,0.00281445,0.000414215,5.09551e-005,4.10928e-007,0.0088029
4.89004e-005,8.13638e-005,1.56153e-005,8.95823e-005,0.00272199,0.000410106,4.80786e-005,4.10928e-007,0.00851073
4.15037e-005,6.49266e-005,1.31497e-005,7.80763e-005,0.00271665,0.000434351,5.01332e-005,8.21856e-007,0.00862045
0.000106019,7.35561e-005,1.39716e-005,8.17747e-005,0.00280746,0.000459007,5.1366e-005,4.10928e-007,0.00905028
3.20524e-005,4.5613e-005,1.35606e-005,7.47889e-005,0.00267884,0.000420379,4.72567e-005,4.10928e-007,0.00835499
5.95846e-005,4.10928e-005,1.39716e-005,7.80763e-005,0.00262583,0.0003986,4.72567e-005,0,0.00825308
0.00010643,8.87605e-005,1.39716e-005,7.19124e-005,0.00270637,0.000430653,4.76677e-005,4.10928e-007,0.00850498
0.000106019,9.32807e-005,1.27388e-005,8.0131e-005,0.00271665,0.000410106,4.72567e-005,8.21856e-007,0.00843389
6.45157e-005,8.46512e-005,2.17792e-005,8.91714e-005,0.00269363,0.000412572,4.97223e-005,4.10928e-007,0.00836526
6.16392e-005,8.50621e-005,2.58885e-005,8.13638e-005,0.00270719,0.000410517,5.05441e-005,4.10928e-007,0.00876797
5.75299e-005,9.45135e-005,1.52043e-005,7.60217e-005,0.00271171,0.000399422,5.01332e-005,4.10928e-007,0.00844293
5.50644e-005,4.68458e-005,1.35606e-005,7.06796e-005,0.00267103,0.000376821,4.72567e-005,4.10928e-007,0.0083665
5.38316e-005,8.50621e-005,1.47934e-005,8.09528e-005,0.00270966,0.000387505,5.01332e-005,4.10928e-007,0.00860853
5.30097e-005,0.000121224,1.35606e-005,7.23233e-005,0.00272733,0.000386683,5.01332e-005,4.10928e-007,0.00842403
0.000109718,4.76677e-005,1.31497e-005,8.05419e-005,0.00271254,0.000373123,4.89004e-005,4.10928e-007,0.00858388
0.000108074,7.51998e-005,1.31497e-005,8.13638e-005,0.00270103,0.000364082,4.72567e-005,4.10928e-007,0.00828349
4.64349e-005,7.68435e-005,1.31497e-005,7.27343e-005,0.00272363,0.000352987,4.80786e-005,4.10928e-007,0.00850827
0.000107252,7.93091e-005,1.39716e-005,7.64326e-005,0.00272938,0.000361206,4.84895e-005,4.10928e-007,0.00871003
0.000106019,8.30075e-005,1.31497e-005,8.17747e-005,0.0029821,0.000375177,6.16392e-005,4.10928e-007,0.00862333
0.000107663,7.27343e-005,1.39716e-005,8.25965e-005,0.00302772,0.000393258,5.17769e-005,4.10928e-007,0.00859703
0.000107252,8.38293e-005,1.39716e-005,8.05419e-005,0.00286211,0.000419558,4.68458e-005,4.10928e-007,0.00845032
4.64349e-005,6.2872e-005,1.35606e-005,8.25965e-005,0.00271418,0.000410928,5.01332e-005,4.10928e-007,0.00859004
0.000106019,7.06796e-005,1.43825e-005,7.972e-005,0.00282801,0.000434351,5.1366e-005,4.10928e-007,0.00918794
0.000104376,8.05419e-005,1.35606e-005,7.84873e-005,0.00283253,0.000435173,5.17769e-005,4.10928e-007,0.00905809
0.00010643,8.0131e-005,1.27388e-005,7.51998e-005,0.00269651,0.000408462,4.84895e-005,0,0.00873263
0.000107252,8.0131e-005,1.31497e-005,5.67081e-005,0.00273842,0.00042079,4.89004e-005,4.10928e-007,0.00891385
0.000102732,8.17747e-005,1.31497e-005,7.80763e-005,0.00281938,0.000472567,5.1366e-005,4.10928e-007,0.00949737
0.000103965,7.80763e-005,1.31497e-005,8.17747e-005,0.00282431,0.000470513,5.1366e-005,4.10928e-007,0.00944148
0.000104787,8.0131e-005,1.27388e-005,7.10906e-005,0.00267843,0.000454897,4.84895e-005,4.10928e-007,0.00921095
0.000105609,6.90359e-005,1.35606e-005,7.84873e-005,0.00286088,0.000483662,5.17769e-005,4.10928e-007,0.00951298
0.00010643,8.46512e-005,1.23278e-005,7.80763e-005,0.00267802,0.000479553,4.84895e-005,4.10928e-007,0.00946737
2.99977e-005,4.27365e-005,1.31497e-005,7.64326e-005,0.0027298,0.000504209,4.97223e-005,4.10928e-007,0.00951175
0.000104376,7.15015e-005,1.31497e-005,8.5884e-005,0.00281321,0.000521468,5.17769e-005,4.10928e-007,0.00970982
3.08196e-005,5.01332e-005,1.31497e-005,7.23233e-005,0.00281691,0.000532152,5.17769e-005,4.10928e-007,0.00978748
2.99977e-005,4.35584e-005,1.27388e-005,9.36916e-005,0.00271459,0.00049599,4.97223e-005,4.10928e-007,0.00953805
0.000108485,6.90359e-005,1.35606e-005,7.84873e-005,0.00289622,0.000508729,5.30097e-005,8.21856e-007,0.0100345
3.04087e-005,4.39693e-005,1.35606e-005,8.42403e-005,0.00289499,0.000529275,5.34206e-005,4.10928e-007,0.0100102
2.8765e-005,3.57507e-005,1.27388e-005,6.65703e-005,0.00263487,0.000396957,4.72567e-005,4.10928e-007,0.00899316
0.000104376,7.39671e-005,1.35606e-005,8.0131e-005,0.00281116,0.000423256,5.17769e-005,4.10928e-007,0.00920397
3.16415e-005,3.49289e-005,1.31497e-005,7.56108e-005,0.00281445,0.000465171,5.25988e-005,4.10928e-007,0.0096827
2.95868e-005,3.49289e-005,1.35606e-005,7.27343e-005,0.00281404,0.000459829,5.1366e-005,4.10928e-007,0.00937573
3.08196e-005,3.49289e-005,1.35606e-005,8.05419e-005,0.00283376,0.000472567,5.1366e-005,4.10928e-007,0.00953024
3.28742e-005,3.61617e-005,1.35606e-005,8.34184e-005,0.00291266,0.000674333,5.30097e-005,4.10928e-007,0.00952778
2.95868e-005,3.4518e-005,1.27388e-005,8.05419e-005,0.00292416,0.000436817,5.05441e-005,4.10928e-007,0.00884523
0.000105609,6.49266e-005,1.35606e-005,8.09528e-005,0.00310785,0.000470102,5.34206e-005,4.10928e-007,0.0093819
2.99977e-005,4.23256e-005,1.35606e-005,7.51998e-005,0.0029291,0.000406819,4.72567e-005,0,0.00873469
4.47912e-005,0.000201355,1.39716e-005,8.91714e-005,0.00283212,0.000452021,5.17769e-005,8.21856e-007,0.0106722
3.32852e-005,4.06819e-005,1.39716e-005,9.90337e-005,0.00301457,0.000514071,5.67081e-005,4.10928e-007,0.0117842
3.24633e-005,4.06819e-005,2.13683e-005,7.23233e-005,0.00295293,0.000541603,5.38316e-005,7.3967e-006,0.0112298
3.24633e-005,0.0136983,1.89027e-005,8.25965e-005,0.00312223,0.000603653,6.65703e-005,8.62949e-006,0.0105054
2.99977e-005,4.06819e-005,1.43825e-005,8.13638e-005,0.00278691,0.000535439,5.01332e-005,7.3967e-006,0.0100981
3.24633e-005,3.986e-005,1.52043e-005,8.0131e-005,0.0029406,0.000544069,5.34206e-005,7.80763e-006,0.0124396
3.53398e-005,4.68458e-005,2.34229e-005,8.5473e-005,0.00304292,0.000591736,5.62971e-005,8.21856e-006,0.0115541
3.4107e-005,9.28697e-005,1.47934e-005,7.972e-005,0.00276678,0.000539138,5.25988e-005,6.98578e-006,0.0109184
3.24633e-005,6.53376e-005,1.56153e-005,8.42403e-005,0.00325989,0.00057119,5.7119e-005,7.80763e-006,0.010929
3.04087e-005,4.02709e-005,1.39716e-005,8.05419e-005,0.00301539,0.000539549,5.25988e-005,7.80763e-006,0.0110852
0.000213683,5.95846e-005,1.43825e-005,8.25965e-005,0.00283623,0.000549822,5.62971e-005,8.21856e-006,0.0109175
3.28742e-005,5.87627e-005,1.60262e-005,8.5473e-005,0.00347111,0.000597489,5.99955e-005,8.21856e-006,0.0111062
3.16415e-005,4.06819e-005,1.47934e-005,8.95823e-005,0.0033014,0.000577765,5.83518e-005,7.80763e-006,0.0113523
5.30097e-005,6.73922e-005,2.01355e-005,9.36916e-005,0.00301868,0.000621323,8.05419e-005,8.21856e-006,0.0126356
3.24633e-005,6.32829e-005,1.52043e-005,6.36938e-005,0.00296033,0.000597078,5.38316e-005,7.80763e-006,0.0117945
3.16415e-005,0.000185739,1.60262e-005,8.5884e-005,0.00322168,0.000605297,5.75299e-005,8.21856e-006,0.0107265
3.16415e-005,4.10928e-005,1.47934e-005,8.50621e-005,0.00291636,0.000551876,5.30097e-005,7.3967e-006,0.010851
3.08196e-005,3.82163e-005,1.39716e-005,7.80763e-005,0.00290403,0.000552698,5.30097e-005,7.3967e-006,0.010696
3.24633e-005,4.19147e-005,1.76699e-005,0.000102321,0.00305607,0.000574477,5.87627e-005,7.3967e-006,0.0116223
3.16415e-005,4.31474e-005,1.39716e-005,8.0131e-005,0.00289334,0.000523111,5.01332e-005,7.3967e-006,0.00985981
2.95868e-005,4.23256e-005,1.35606e-005,7.60217e-005,0.00272363,0.000529275,5.01332e-005,7.3967e-006,0.0106796
3.36961e-005,4.10928e-005,1.39716e-005,8.50621e-005,0.00294882,0.000585162,5.34206e-005,7.80763e-006,0.0105161
3.12305e-005,4.06819e-005,1.47934e-005,8.17747e-005,0.0029332,0.000565848,5.34206e-005,7.3967e-006,0.0109151
3.28742e-005,8.71168e-005,1.52043e-005,8.42403e-005,0.00297882,0.000580641,5.79409e-005,7.80763e-006,0.0108949
3.08196e-005,4.35584e-005,1.39716e-005,7.84873e-005,0.00308607,0.000582696,5.87627e-005,9.45135e-006,0.0112923
3.12305e-005,4.47912e-005,1.56153e-005,8.62949e-005,0.00360466,0.000639815,6.2872e-005,8.21856e-006,0.0105826
3.08196e-005,3.986e-005,1.35606e-005,7.88982e-005,0.00295087,0.000553109,5.17769e-005,6.98578e-006,0.00953312
3.986e-005,4.15037e-005,1.39716e-005,5.58862e-005,0.00294841,0.000606941,5.99955e-005,1.97245e-005,0.00989556
3.20524e-005,4.27365e-005,1.43825e-005,7.88982e-005,0.00323811,0.00066406,6.49266e-005,9.04042e-006,0.0107971
3.24633e-005,4.60239e-005,1.52043e-005,8.34184e-005,0.00297019,0.000575299,5.34206e-005,7.3967e-006,0.00987666
3.12305e-005,4.43802e-005,1.31497e-005,7.64326e-005,0.00303635,0.000563382,5.99955e-005,7.80763e-006,0.00958243
3.04087e-005,4.10928e-005,1.35606e-005,8.05419e-005,0.00301868,0.000597489,6.24611e-005,8.21856e-006,0.0100262
3.24633e-005,4.23256e-005,1.80808e-005,8.25965e-005,0.0031136,0.000634062,6.53376e-005,8.62949e-006,0.00995186
2.99977e-005,4.31474e-005,2.42448e-005,8.91714e-005,0.00305278,0.000589682,6.2872e-005,8.62949e-006,0.00974886
2.99977e-005,4.23256e-005,1.39716e-005,7.88982e-005,0.00302279,0.000592969,6.24611e-005,9.04042e-006,0.0100373
3.12305e-005,4.23256e-005,1.39716e-005,8.30075e-005,0.00285472,0.000631596,6.16392e-005,8.62949e-006,0.00968147
3.20524e-005,3.82163e-005,1.43825e-005,7.76654e-005,0.00302279,0.000645979,6.57485e-005,8.21856e-006,0.0102979
3.12305e-005,6.45157e-005,1.47934e-005,7.39671e-005,0.0031247,0.000650088,6.73922e-005,9.04042e-006,0.0101602
2.99977e-005,3.986e-005,1.43825e-005,7.31452e-005,0.00289006,0.000678442,6.49266e-005,8.21856e-006,0.0100998
3.04087e-005,4.23256e-005,1.43825e-005,7.84873e-005,0.00306758,0.000668169,6.78031e-005,9.04042e-006,0.0105962
3.24633e-005,5.87627e-005,1.52043e-005,8.17747e-005,0.00293485,0.000581463,5.34206e-005,8.21856e-006,0.0103246
3.24633e-005,8.83495e-005,1.60262e-005,8.05419e-005,0.00293197,0.000604475,6.53376e-005,9.04042e-006,0.00998678
3.08196e-005,4.02709e-005,1.43825e-005,7.19124e-005,0.00299115,0.00057119,6.36938e-005,8.62949e-006,0.010198
3.4107e-005,8.09528e-005,1.43825e-005,8.50621e-005,0.0029595,0.000551876,6.08174e-005,8.21856e-006,0.00957956
3.04087e-005,4.68458e-005,1.39716e-005,8.50621e-005,0.0028654,0.000545302,6.08174e-005,8.62949e-006,0.00911192
0.000107252,0.000153687,4.97223e-005,0.000289293,0.0105876,0.00178672,0.000214504,2.58885e-005,0.0340014
7.19124e-005,8.83495e-005,3.94491e-005,0.000329564,0.00766011,0.00136716,0.0001504,1.93136e-005,0.0241248
6.61594e-005,7.4378e-005,2.95868e-005,0.000169713,0.00705153,0.00141606,0.000120813,1.64371e-005,0.0204987
5.34206e-005,0.000353809,2.50666e-005,0.000155331,0.00596298,0.00096979,0.00010643,1.43825e-005,0.0178039
4.89004e-005,0.000120402,2.34229e-005,0.000129031,0.005054,0.000853087,9.739e-005,1.31497e-005,0.0155927
4.64349e-005,9.24588e-005,2.2601e-005,0.000127388,0.00467513,0.00083665,8.09528e-005,1.1506e-005,0.0159884
4.10928e-005,5.09551e-005,2.71213e-005,0.000219025,0.00429461,0.000791447,0.000101499,1.23278e-005,0.0140036
4.15037e-005,8.09528e-005,1.89027e-005,0.000108896,0.00392477,0.000694879,8.62949e-005,9.86227e-006,0.0143311
3.986e-005,6.04064e-005,1.84918e-005,0.000105609,0.00364082,0.000889248,7.27343e-005,1.02732e-005,0.0147938
3.94491e-005,5.58862e-005,6.2872e-005,0.000101499,0.00349248,0.000648034,6.45157e-005,9.86227e-006,0.0140196
3.36961e-005,4.35584e-005,1.64371e-005,9.53353e-005,0.00344769,0.000604886,6.04064e-005,9.45135e-006,0.0114049
3.32852e-005,5.75299e-005,1.64371e-005,0.000275733,0.00307169,0.000592558,5.7119e-005,8.21856e-006,0.0119551
3.4518e-005,0.000226832,2.01355e-005,6.73922e-005,0.00319127,0.000564615,5.67081e-005,8.21856e-006,0.0118339
3.49289e-005,7.4378e-005,1.64371e-005,9.78009e-005,0.00308484,0.000593791,6.61594e-005,9.86227e-006,0.0105411
3.69835e-005,3.90382e-005,1.43825e-005,7.88982e-005,0.00278979,0.000574888,7.47889e-005,1.06841e-005,0.010394
3.12305e-005,4.23256e-005,1.47934e-005,6.04064e-005,0.00272117,0.000570779,7.31452e-005,1.02732e-005,0.0101857
2.99977e-005,4.39693e-005,1.39716e-005,8.21856e-005,0.00272815,0.000573245,6.78031e-005,7.80763e-006,0.0104166
3.16415e-005,4.19147e-005,1.47934e-005,8.0131e-005,0.00281814,0.000582285,5.7119e-005,8.21856e-006,0.00996501
3.08196e-005,4.15037e-005,1.31497e-005,7.68435e-005,0.00270432,0.000532974,5.17769e-005,7.3967e-006,0.00973283
2.91759e-005,4.10928e-005,1.39716e-005,7.64326e-005,0.00273226,0.000536672,5.05441e-005,7.3967e-006,0.0101047
2.91759e-005,4.15037e-005,1.39716e-005,7.06796e-005,0.00281321,0.000547356,5.1366e-005,6.98578e-006,0.0102153
3.08196e-005,4.27365e-005,1.39716e-005,8.05419e-005,0.00279143,0.000545712,5.1366e-005,7.3967e-006,0.00983269
2.91759e-005,4.23256e-005,1.31497e-005,7.93091e-005,0.00268747,0.000519824,4.97223e-005,6.98578e-006,0.00972543
2.95868e-005,4.19147e-005,1.35606e-005,7.39671e-005,0.00268254,0.000506674,5.01332e-005,6.98578e-006,0.00959229
0.000106841,7.72545e-005,1.31497e-005,8.13638e-005,0.00270226,0.000514893,5.05441e-005,6.98578e-006,0.00970612
2.8354e-005,4.27365e-005,1.31497e-005,7.56108e-005,0.00271623,0.000514893,5.09551e-005,6.98578e-006,0.0103735
3.16415e-005,4.31474e-005,1.52043e-005,8.34184e-005,0.00300923,0.000557218,5.50644e-005,7.80763e-006,0.0103085
2.99977e-005,4.35584e-005,1.47934e-005,7.972e-005,0.00292663,0.000567492,5.1366e-005,7.3967e-006,0.0100558
2.8765e-005,4.31474e-005,1.43825e-005,7.64326e-005,0.00283664,0.000546123,5.1366e-005,6.98578e-006,0.0100476
2.8765e-005,3.986e-005,1.68481e-005,7.68435e-005,0.00280828,0.000533796,5.01332e-005,6.98578e-006,0.00976653
2.8765e-005,4.35584e-005,1.31497e-005,5.58862e-005,0.00272404,0.000571601,5.01332e-005,6.98578e-006,0.0101129
2.99977e-005,4.35584e-005,1.43825e-005,7.60217e-005,0.00278979,0.000564204,4.97223e-005,6.57485e-006,0.0102013
3.04087e-005,4.31474e-005,1.39716e-005,7.84873e-005,0.00280253,0.000555575,5.1366e-005,6.98578e-006,0.0100932
3.04087e-005,4.27365e-005,1.39716e-005,8.30075e-005,0.00279267,0.000723233,5.17769e-005,6.98578e-006,0.00977762
3.16415e-005,4.31474e-005,1.39716e-005,8.25965e-005,0.00276801,0.00068173,5.01332e-005,6.98578e-006,0.00947271
3.08196e-005,4.39693e-005,1.39716e-005,8.0131e-005,0.00279924,0.00068625,5.17769e-005,7.80763e-006,0.00952942
4.72567e-005,0.000120402,1.97245e-005,9.32807e-005,0.00297348,0.000513249,5.17769e-005,1.27388e-005,0.00959558
3.986e-005,5.62971e-005,1.7259e-005,8.99932e-005,0.00296526,0.000511195,5.21879e-005,7.80763e-006,0.00981091
3.4518e-005,0.000394491,1.60262e-005,7.56108e-005,0.00297553,0.000502565,5.17769e-005,7.80763e-006,0.0101976
3.08196e-005,4.35584e-005,1.43825e-005,0.00026135,0.00278486,0.000484484,5.01332e-005,7.3967e-006,0.00939053
3.24633e-005,4.19147e-005,1.56153e-005,7.35561e-005,0.00290773,0.000533385,5.38316e-005,7.80763e-006,0.00993747
3.32852e-005,4.10928e-005,1.52043e-005,8.46512e-005,0.00297635,0.000582696,5.38316e-005,7.80763e-006,0.0103262
3.08196e-005,3.94491e-005,1.39716e-005,7.88982e-005,0.00282349,0.000519413,5.42425e-005,7.3967e-006,0.00968023
3.08196e-005,4.47912e-005,1.39716e-005,7.88982e-005,0.00281732,0.000528454,5.17769e-005,7.80763e-006,0.00989309
3.16415e-005,3.90382e-005,1.64371e-005,8.21856e-005,0.0029369,0.000596257,5.50644e-005,8.21856e-006,0.011176
3.16415e-005,4.02709e-005,1.47934e-005,7.19124e-005,0.00291595,0.000549411,5.34206e-005,7.80763e-006,0.0103418
3.16415e-005,4.39693e-005,1.43825e-005,7.4378e-005,0.0028954,0.000512427,5.38316e-005,7.3967e-006,0.0097805
3.12305e-005,7.27343e-005,1.52043e-005,7.31452e-005,0.00289006,0.000497223,5.17769e-005,7.3967e-006,0.0096601
3.24633e-005,4.52021e-005,1.35606e-005,8.38293e-005,0.00271623,0.00048284,5.01332e-005,6.98578e-006,0.00953312
4.10928e-005,6.20501e-005,1.80808e-005,0.000102732,0.00287937,0.000550644,5.38316e-005,7.3967e-006,0.0105111
3.16415e-005,4.39693e-005,1.43825e-005,8.13638e-005,0.00286787,0.000533385,5.17769e-005,7.3967e-006,0.0100661
3.12305e-005,4.35584e-005,1.47934e-005,8.21856e-005,0.00287609,0.000551465,5.30097e-005,7.3967e-006,0.0101988
3.08196e-005,3.986e-005,1.43825e-005,7.27343e-005,0.00280212,0.00053585,5.17769e-005,7.3967e-006,0.0100008
3.24633e-005,4.39693e-005,1.43825e-005,7.60217e-005,0.00282801,0.000535439,5.17769e-005,7.3967e-006,0.0101064
3.24633e-005,7.27343e-005,1.47934e-005,8.09528e-005,0.00287157,0.00057571,5.38316e-005,7.80763e-006,0.0101709
3.20524e-005,4.27365e-005,1.39716e-005,8.13638e-005,0.00281198,0.000609406,5.17769e-005,6.98578e-006,0.0108177
3.28742e-005,4.31474e-005,1.56153e-005,8.38293e-005,0.00307949,0.000613516,5.34206e-005,7.3967e-006,0.0106077
3.08196e-005,4.06819e-005,1.39716e-005,7.60217e-005,0.00305525,0.000599133,5.17769e-005,6.98578e-006,0.0103636
3.28742e-005,0.000151632,1.60262e-005,8.75277e-005,0.00320154,0.000688715,5.54753e-005,8.21856e-006,0.0107569
2.99977e-005,4.89004e-005,1.89027e-005,8.38293e-005,0.00273678,0.000560095,5.1366e-005,7.80763e-006,0.00992597
3.08196e-005,4.06819e-005,1.39716e-005,7.93091e-005,0.00281814,0.000570779,5.30097e-005,6.98578e-006,0.0100386
3.08196e-005,4.06819e-005,1.43825e-005,8.0131e-005,0.00283581,0.000581874,5.17769e-005,7.3967e-006,0.0102025
3.24633e-005,4.02709e-005,1.47934e-005,8.21856e-005,0.00292047,0.00058886,5.30097e-005,7.3967e-006,0.0106706
3.12305e-005,4.47912e-005,1.47934e-005,8.17747e-005,0.00302649,0.000588449,5.38316e-005,7.3967e-006,0.010724
3.12305e-005,4.5613e-005,1.56153e-005,7.64326e-005,0.00303018,0.000604886,5.54753e-005,7.80763e-006,0.0108304
3.20524e-005,3.73945e-005,1.52043e-005,8.0131e-005,0.00292951,0.000573656,5.34206e-005,7.3967e-006,0.0103743
3.12305e-005,4.27365e-005,1.47934e-005,8.5884e-005,0.00292868,0.000555575,5.17769e-005,7.3967e-006,0.0101964
3.28742e-005,3.94491e-005,1.47934e-005,7.76654e-005,0.00289006,0.000576532,5.34206e-005,7.80763e-006,0.010297
3.04087e-005,4.27365e-005,1.52043e-005,8.0131e-005,0.00291471,0.000589682,5.34206e-005,7.80763e-006,0.0104729
3.04087e-005,4.31474e-005,1.56153e-005,7.15015e-005,0.00282308,0.000576532,5.17769e-005,7.80763e-006,0.0111148
3.20524e-005,4.35584e-005,1.43825e-005,7.72545e-005,0.00285595,0.000619269,5.58862e-005,7.80763e-006,0.0121898
3.20524e-005,9.45135e-005,1.52043e-005,8.17747e-005,0.00309634,0.000652965,8.21856e-005,1.10951e-005,0.0108362
3.28742e-005,4.39693e-005,1.47934e-005,8.71168e-005,0.00319086,0.000632007,6.32829e-005,8.62949e-006,0.0103299
3.04087e-005,4.10928e-005,1.43825e-005,7.02687e-005,0.00300717,0.000583518,5.87627e-005,8.62949e-006,0.00985077
2.99977e-005,4.15037e-005,1.39716e-005,8.17747e-005,0.00272651,0.000581052,5.79409e-005,7.80763e-006,0.0098672
3.08196e-005,4.52021e-005,1.68481e-005,0.000282308,0.00295457,0.000623789,5.99955e-005,8.21856e-006,0.0101709
3.49289e-005,0.000269569,3.4107e-005,7.84873e-005,0.00282801,0.000640226,6.04064e-005,1.39716e-005,0.0184383
2.95868e-005,6.45157e-005,1.68481e-005,8.38293e-005,0.00273555,0.000561328,5.50644e-005,1.35606e-005,0.0124692
3.20524e-005,4.5613e-005,1.56153e-005,8.09528e-005,0.00293485,0.000641048,7.35561e-005,1.52043e-005,0.0105078
3.04087e-005,7.23233e-005,1.89027e-005,0.000310662,0.00316579,0.000646801,6.49266e-005,7.80763e-006,0.0100834
2.99977e-005,4.52021e-005,1.47934e-005,0.000132319,0.00312963,0.000636528,6.32829e-005,8.62949e-006,0.0101992
3.08196e-005,4.23256e-005,1.47934e-005,0.00012821,0.00322537,0.000638171,6.16392e-005,8.21856e-006,0.00996911
3.12305e-005,4.43802e-005,1.52043e-005,0.000142592,0.00318757,0.000634884,8.13638e-005,1.27388e-005,0.00998555
2.99977e-005,3.57507e-005,1.52043e-005,0.000138483,0.00325373,0.000651732,6.2872e-005,8.21856e-006,0.0102054
2.95868e-005,4.31474e-005,1.47934e-005,0.000112594,0.00324346,0.000659129,6.36938e-005,9.04042e-006,0.0103985
3.16415e-005,4.10928e-005,1.39716e-005,0.000130264,0.0030421,0.00054448,5.17769e-005,7.3967e-006,0.00977927
2.95868e-005,4.27365e-005,1.43825e-005,0.000130264,0.00315675,0.000591325,6.08174e-005,8.21856e-006,0.00985118
2.95868e-005,4.23256e-005,1.43825e-005,0.00013273,0.00315387,0.000608584,6.12283e-005,7.80763e-006,0.00986556
2.95868e-005,4.35584e-005,1.39716e-005,0.000148345,0.00314976,0.000620501,6.12283e-005,7.80763e-006,0.0100476
3.16415e-005,4.43802e-005,1.43825e-005,0.00014629,0.00320154,0.000648855,6.36938e-005,8.21856e-006,0.0103969
3.04087e-005,4.10928e-005,1.52043e-005,0.000123689,0.00306511,0.000556807,5.1366e-005,6.98578e-006,0.0104811
3.12305e-005,4.23256e-005,1.47934e-005,0.000131086,0.00319866,0.000620912,6.20501e-005,8.62949e-006,0.0106188
4.97223e-005,9.28697e-005,2.34229e-005,0.000141359,0.00299443,0.000572012,5.21879e-005,7.3967e-006,0.0101318
3.24633e-005,3.73945e-005,1.47934e-005,0.000126566,0.00308566,0.000585162,5.34206e-005,7.80763e-006,0.0104503
4.15037e-005,6.41048e-005,1.76699e-005,0.000138894,0.00295745,0.000559273,5.1366e-005,7.80763e-006,0.0101873
3.08196e-005,4.47912e-005,1.43825e-005,0.00014177,0.00294759,0.000570368,5.1366e-005,7.3967e-006,0.0103209
3.16415e-005,4.43802e-005,1.43825e-005,0.000121224,0.00302484,0.000625433,5.30097e-005,7.3967e-006,0.010839
3.08196e-005,4.39693e-005,1.47934e-005,0.000122457,0.00290691,0.000618447,5.1366e-005,7.3967e-006,0.0104659
2.95868e-005,4.35584e-005,1.43825e-005,0.00011506,0.00287321,0.000617214,5.17769e-005,6.98578e-006,0.0104692
3.04087e-005,4.27365e-005,1.39716e-005,0.000122046,0.0028917,0.000647623,5.17769e-005,7.3967e-006,0.010355
3.04087e-005,4.39693e-005,1.43825e-005,0.000114649,0.00291759,0.00063776,5.17769e-005,7.80763e-006,0.0105461
3.08196e-005,4.39693e-005,1.43825e-005,0.000116704,0.00297019,0.000654197,5.34206e-005,7.80763e-006,0.0106706
3.16415e-005,4.35584e-005,1.39716e-005,0.000115882,0.00290814,0.00061968,5.1366e-005,7.3967e-006,0.0105444
3.12305e-005,4.39693e-005,1.43825e-005,9.78009e-005,0.00292211,0.000615159,5.30097e-005,7.3967e-006,0.0103529
3.12305e-005,4.39693e-005,1.47934e-005,0.000109718,0.00292745,0.000631185,5.17769e-005,7.3967e-006,0.010251
2.99977e-005,4.31474e-005,1.43825e-005,9.61572e-005,0.00283212,0.000592969,5.1366e-005,7.3967e-006,0.0101286
3.12305e-005,4.10928e-005,1.39716e-005,0.000102732,0.00282595,0.000581052,5.1366e-005,6.98578e-006,0.0102621
3.16415e-005,4.27365e-005,1.84918e-005,0.000103554,0.00292375,0.000598311,5.34206e-005,7.80763e-006,0.0103048
2.99977e-005,4.23256e-005,1.43825e-005,9.739e-005,0.00284814,0.00058023,5.1366e-005,6.57485e-006,0.0118113
3.08196e-005,4.68458e-005,1.52043e-005,9.24588e-005,0.00297964,0.000615159,5.54753e-005,8.21856e-006,0.0116576
3.08196e-005,3.90382e-005,1.43825e-005,9.28697e-005,0.00295211,0.000614748,5.30097e-005,7.80763e-006,0.0105867
2.91759e-005,4.19147e-005,1.47934e-005,8.05419e-005,0.00286951,0.000594613,5.1366e-005,7.3967e-006,0.0105078
3.08196e-005,4.35584e-005,1.43825e-005,8.46512e-005,0.00293896,0.000625022,5.34206e-005,7.3967e-006,0.0107938
3.28742e-005,4.35584e-005,1.52043e-005,9.90337e-005,0.00301292,0.000599955,5.30097e-005,7.3967e-006,0.010417
3.16415e-005,4.35584e-005,1.52043e-005,9.04042e-005,0.00289992,0.000599955,5.30097e-005,7.3967e-006,0.010438
3.08196e-005,4.31474e-005,1.43825e-005,8.87605e-005,0.00287691,0.00058023,5.1366e-005,7.3967e-006,0.0101454
2.99977e-005,4.02709e-005,1.47934e-005,8.17747e-005,0.00277705,0.000628309,5.17769e-005,7.3967e-006,0.0100821
2.99977e-005,4.27365e-005,1.43825e-005,8.83495e-005,0.002775,0.000622556,5.17769e-005,6.98578e-006,0.0102379
3.12305e-005,4.76677e-005,1.47934e-005,8.46512e-005,0.00291677,0.000601599,5.95846e-005,7.80763e-006,0.01056
3.36961e-005,4.31474e-005,1.43825e-005,9.28697e-005,0.0029743,0.000599955,5.38316e-005,7.3967e-006,0.0103772
3.08196e-005,4.31474e-005,1.47934e-005,9.36916e-005,0.0028465,0.000545712,5.1366e-005,7.80763e-006,0.00985118
3.12305e-005,4.47912e-005,1.43825e-005,9.49244e-005,0.0028539,0.000588038,5.34206e-005,7.80763e-006,0.010078
3.90382e-005,5.54753e-005,1.84918e-005,9.1637e-005,0.00274582,0.000569546,5.17769e-005,7.3967e-006,0.00989309
3.08196e-005,4.27365e-005,1.39716e-005,7.93091e-005,0.00274788,0.000594202,5.1366e-005,7.80763e-006,0.0101713
3.08196e-005,4.39693e-005,1.47934e-005,8.25965e-005,0.00283171,0.000627487,5.34206e-005,7.80763e-006,0.0104807
4.35584e-005,6.41048e-005,2.2601e-005,9.28697e-005,0.0028202,0.000614748,5.30097e-005,7.80763e-006,0.0101824
3.08196e-005,4.31474e-005,1.43825e-005,9.1637e-005,0.00275075,0.000621323,5.17769e-005,6.98578e-006,0.0102601
3.49289e-005,4.35584e-005,1.39716e-005,8.75277e-005,0.00276431,0.000617625,5.17769e-005,6.98578e-006,0.0102679
2.99977e-005,4.27365e-005,1.35606e-005,8.75277e-005,0.00275445,0.000621734,5.17769e-005,7.80763e-006,0.0105506
2.99977e-005,4.35584e-005,1.39716e-005,8.87605e-005,0.00283869,0.000652554,5.25988e-005,7.3967e-006,0.0106024
3.04087e-005,4.23256e-005,1.39716e-005,9.24588e-005,0.00278075,0.000631596,5.21879e-005,7.3967e-006,0.0104893
3.16415e-005,4.35584e-005,1.43825e-005,8.30075e-005,0.0028128,0.000630364,5.09551e-005,7.3967e-006,0.0105765
2.95868e-005,4.47912e-005,1.47934e-005,8.13638e-005,0.00285513,0.000631185,5.1366e-005,6.98578e-006,0.0105136
3.08196e-005,4.31474e-005,1.43825e-005,9.6979e-005,0.00285348,0.000613105,5.30097e-005,7.80763e-006,0.0103579
3.04087e-005,5.79409e-005,1.47934e-005,8.13638e-005,0.00276472,0.00059338,5.1366e-005,7.3967e-006,0.0102218
3.16415e-005,4.31474e-005,1.43825e-005,9.65681e-005,0.00286294,0.000602831,5.30097e-005,7.80763e-006,0.0101935
3.04087e-005,4.27365e-005,1.60262e-005,6.90359e-005,0.00278363,0.000579409,5.1366e-005,7.3967e-006,0.0101409
2.99977e-005,4.47912e-005,1.7259e-005,9.1226e-005,0.00289992,0.000608174,5.34206e-005,7.80763e-006,0.0103357
3.04087e-005,4.35584e-005,1.39716e-005,8.83495e-005,0.00280582,0.000592969,5.1366e-005,7.3967e-006,0.0101442
3.08196e-005,4.43802e-005,1.43825e-005,9.1226e-005,0.00290567,0.000575299,5.21879e-005,7.80763e-006,0.0100221
3.12305e-005,3.94491e-005,1.43825e-005,8.25965e-005,0.0028502,0.00054448,5.1366e-005,7.3967e-006,0.00995596
3.12305e-005,4.43802e-005,1.35606e-005,9.36916e-005,0.00293074,0.000560095,5.34206e-005,7.3967e-006,0.00990706
3.04087e-005,4.43802e-005,1.43825e-005,8.13638e-005,0.0028354,0.000545302,5.1366e-005,6.98578e-006,0.00978255
3.16415e-005,4.35584e-005,1.39716e-005,8.99932e-005,0.00283335,0.000532563,5.17769e-005,8.21856e-006,0.00970037
3.49289e-005,6.57485e-005,1.80808e-005,0.000100266,0.00281157,0.000510784,5.17769e-005,7.80763e-006,0.00949079
3.73945e-005,5.46534e-005,1.60262e-005,9.78009e-005,0.00283458,0.000498867,5.17769e-005,7.3967e-006,0.00938642
3.04087e-005,3.90382e-005,1.35606e-005,8.50621e-005,0.00293485,0.000511195,5.38316e-005,8.21856e-006,0.00971516
3.08196e-005,4.47912e-005,1.43825e-005,8.91714e-005,0.00286129,0.000499688,5.50644e-005,7.80763e-006,0.00945135
2.99977e-005,4.23256e-005,1.43825e-005,9.36916e-005,0.00281938,0.000524755,6.08174e-005,9.45135e-006,0.00958202
3.16415e-005,4.47912e-005,1.52043e-005,8.5884e-005,0.00294718,0.000573656,6.36938e-005,9.04042e-006,0.00981132
3.12305e-005,4.15037e-005,1.47934e-005,8.83495e-005,0.00288184,0.000550644,6.61594e-005,8.62949e-006,0.00948545
2.95868e-005,4.27365e-005,1.39716e-005,8.0131e-005,0.00279595,0.000477498,5.7119e-005,7.80763e-006,0.00934902
0.000108074,6.16392e-005,1.52043e-005,7.93091e-005,0.0028013,0.00048695,5.46534e-005,7.80763e-006,0.00939998
0.000104376,6.16392e-005,1.43825e-005,8.75277e-005,0.00271007,0.000471334,5.21879e-005,7.80763e-006,0.00921958
3.12305e-005,3.73945e-005,1.64371e-005,8.5473e-005,0.00273801,0.000470102,5.05441e-005,7.3967e-006,0.00948258
3.32852e-005,4.27365e-005,1.60262e-005,9.45135e-005,0.00297923,0.000506263,6.73922e-005,9.04042e-006,0.00954134
2.99977e-005,4.35584e-005,1.52043e-005,9.1637e-005,0.00290896,0.000462294,5.54753e-005,7.80763e-006,0.00928944
3.04087e-005,4.43802e-005,1.39716e-005,9.32807e-005,0.00284075,0.000459007,5.21879e-005,7.80763e-006,0.00906137
3.08196e-005,4.02709e-005,1.43825e-005,8.05419e-005,0.00283171,0.000454897,5.05441e-005,9.04042e-006,0.00915014
4.23256e-005,6.16392e-005,2.38338e-005,8.42403e-005,0.00279226,0.000466814,6.20501e-005,9.04042e-006,0.0090774
3.90382e-005,5.83518e-005,1.76699e-005,9.49244e-005,0.00276267,0.000488593,6.24611e-005,1.02732e-005,0.00899152
3.4107e-005,5.46534e-005,1.39716e-005,8.5473e-005,0.00277623,0.000507085,7.35561e-005,9.45135e-006,0.00890029
